PARAMETER,YEAR,JAN,FEB,MAR,APR,MAY,JUN,JUL,AUG,SEP,OCT,NOV,DEC,ANN,JAN_PH_SUELO,FEB_PH_SUELO,MAR_PH_SUELO,APR_PH_SUELO,MAY_PH_SUELO,JUN_PH_SUELO,JUL_PH_SUELO,AUG_PH_SUELO,SEP_PH_SUELO,OCT_PH_SUELO,NOV_PH_SUELO,DEC_PH_SUELO
PRECTOTCORR,1981,2.64,3.32,1.72,6.02,6.66,11.86,3.34,9.65,9.03,6.43,9.18,4.26,6.17,3.81,5.89,6.75,8.32,3.46,4.65,7.9,8.82,4.72,3.38,5.01,8.73
PRECTOTCORR,1982,3.3,2.99,1.35,3.71,8.9,2.92,8.43,4.88,5.84,6.6,2.71,3.59,4.62,3.18,7.25,8.66,4.38,5.45,5.91,7.36,3.14,5.74,6.14,7.25,6.73
PRECTOTCORR,1983,1.38,0.09,0.93,3.76,3.01,4.61,5.27,5.66,5.07,7.47,3.01,3.31,3.65,6.46,5.98,3.08,5.83,6.98,8.57,8.27,7.03,7.79,4.48,5.65,5.81
PRECTOTCORR,1984,0.69,1.01,0.6,2.72,4.78,5.78,4.8,6.55,5.83,5.3,2.27,2.01,3.54,8.35,4.9,3.64,4.42,5.2,5.95,3.21,5.61,7.42,3.86,7.22,8.43
PRECTOTCORR,1985,1.94,0.41,0.5,0.84,2.21,8.02,5.41,4.31,4.36,3.62,2.4,2.03,3.02,8.05,7.67,6.32,4.79,4.81,6.53,4.87,8.4,8.39,6.56,4.54,7.02
PRECTOTCORR,1986,2.53,0.39,0.57,0.46,4.46,7.97,4.69,8.08,5.73,8.05,4.5,3.83,4.3,3.41,7.26,7.84,5.97,3.75,7.7,8.31,5.16,4.56,7.92,4.48,6.44
PRECTOTCORR,1987,1.6,1.15,0.68,4.52,4.08,4.69,3.87,4.87,3.26,6.51,2.62,1.59,3.3,7.31,8.32,6.23,4.92,8.87,5.11,4.36,7.84,6.74,3.42,8.45,5.25
PRECTOTCORR,1988,2.52,0.84,0.74,1.74,3.24,2.68,3.06,5.21,6.42,4.97,3.49,1.14,3.01,5.6,4.33,8.1,4.05,7.99,4.52,5.42,4.18,4.61,6.08,3.53,5.11
PRECTOTCORR,1989,0.45,0.61,0.34,0.39,2.04,5.37,3.02,3.94,5.07,4.72,2.43,2.15,2.55,7.97,5.33,8.17,6.11,6.83,3.72,4.05,8.18,7.64,4.4,5.4,5.03
PRECTOTCORR,1990,1.64,0.87,0.85,0.92,3.56,4.52,2.94,5.63,3.53,5.97,3.07,2.25,3.0,4.85,5.41,7.67,8.65,8.18,6.39,5.5,8.05,5.47,6.2,7.49,5.43
PRECTOTCORR,1991,3.09,1.34,0.17,0.82,5.23,4.24,4.14,2.08,3.09,5.77,3.23,1.96,2.94,3.87,7.0,5.36,5.9,3.96,5.59,5.26,6.78,8.92,4.83,5.28,6.42
PRECTOTCORR,1992,0.14,0.99,0.41,0.98,3.35,2.64,5.97,3.73,3.11,3.16,2.72,0.92,2.35,8.42,3.72,3.7,4.02,6.49,5.46,4.18,5.53,5.57,6.61,5.5,5.44
PRECTOTCORR,1993,0.28,0.21,0.76,1.58,7.73,4.33,2.53,3.93,7.12,2.29,1.06,1.28,2.77,3.44,8.26,6.2,4.33,6.99,5.07,8.49,4.88,6.91,7.22,5.76,4.43
PRECTOTCORR,1994,0.02,0.29,0.17,1.09,1.06,2.47,3.58,2.74,2.9,4.1,3.49,1.01,1.92,6.64,7.63,6.01,7.03,5.64,6.59,6.1,6.95,7.67,5.22,8.69,6.62
PRECTOTCORR,1995,0.16,0.4,0.67,2.33,5.41,5.88,3.18,7.18,4.58,4.24,2.42,0.67,3.11,4.85,7.86,4.8,6.45,8.3,5.7,4.94,4.61,6.74,7.65,6.56,8.69
PRECTOTCORR,1996,1.43,1.52,0.19,0.47,4.59,2.63,2.41,2.39,2.65,2.79,3.81,2.33,2.27,6.06,3.05,8.79,6.89,7.16,6.91,7.37,7.4,5.79,3.58,6.4,4.4
PRECTOTCORR,1997,2.01,1.32,0.48,1.93,6.5,7.97,4.26,5.94,7.64,8.79,4.29,2.07,4.45,5.41,5.05,7.94,6.36,8.26,5.21,7.54,6.56,4.06,4.81,5.62,3.94
PRECTOTCORR,1998,0.03,0.31,0.16,0.84,6.4,7.36,10.44,8.91,5.68,11.41,4.9,8.7,5.48,6.07,3.02,4.34,7.82,6.89,4.1,6.08,8.47,7.54,4.11,5.1,6.43
PRECTOTCORR,1999,2.14,4.38,1.37,5.68,7.6,8.87,5.75,10.64,9.09,7.41,4.98,8.6,6.38,4.79,6.99,5.22,3.77,3.89,5.0,6.89,3.15,3.37,4.09,5.45,4.67
PRECTOTCORR,2000,4.24,2.93,0.77,2.86,6.55,8.58,6.59,7.03,6.36,4.61,4.82,2.66,4.83,4.11,5.48,5.88,5.1,5.0,8.21,5.61,4.33,6.62,5.08,7.94,7.27
PRECTOTCORR,2001,2.25,2.15,1.26,2.88,5.01,6.98,4.54,5.29,5.2,7.15,6.51,2.25,4.29,8.03,4.07,5.76,4.97,3.44,5.88,3.18,6.66,5.67,3.18,3.59,3.25
PRECTOTCORR,2002,3.67,1.38,1.77,2.4,10.41,6.79,11.45,9.38,5.69,5.62,9.59,4.18,6.06,3.75,3.78,5.62,3.21,8.76,5.06,4.41,7.2,6.6,7.42,5.92,7.34
PRECTOTCORR,2003,2.36,2.04,1.4,2.91,9.11,4.18,4.6,3.74,2.97,5.98,5.72,5.25,4.21,8.81,4.05,5.51,3.53,5.25,4.57,8.35,7.31,5.83,5.09,7.83,3.17
PRECTOTCORR,2004,1.05,2.23,3.62,1.85,7.3,4.17,4.75,4.38,6.92,4.76,11.51,5.35,4.82,3.2,6.96,5.58,5.92,7.23,4.82,4.48,5.92,3.49,3.45,8.96,8.81
PRECTOTCORR,2005,6.79,4.2,1.63,6.8,5.66,8.27,6.63,6.94,10.28,11.36,7.46,2.0,6.5,8.55,8.43,6.56,7.06,4.5,7.9,3.18,4.22,4.17,5.98,5.48,4.6
PRECTOTCORR,2006,6.81,2.45,4.8,2.2,7.55,5.77,9.33,4.84,5.23,3.77,5.3,5.48,5.32,7.79,5.1,4.02,7.64,6.68,5.84,7.84,5.33,7.19,3.81,5.75,5.82
PRECTOTCORR,2007,3.33,0.15,1.91,4.22,8.73,5.55,6.32,5.91,5.81,8.76,13.28,10.68,6.26,4.23,3.87,4.3,5.81,6.33,5.5,8.9,8.56,5.75,7.08,3.73,3.83
PRECTOTCORR,2008,2.48,2.04,1.14,4.99,6.59,8.77,7.49,9.86,6.95,8.74,6.77,2.54,5.7,3.62,7.17,8.93,8.56,7.9,5.03,3.57,5.56,6.88,5.44,3.55,3.27
PRECTOTCORR,2009,1.92,3.86,5.41,1.6,5.08,7.0,8.48,6.21,3.67,7.81,4.83,1.44,4.79,7.89,4.64,5.88,4.47,6.4,8.1,4.38,8.83,8.29,4.97,4.4,6.9
PRECTOTCORR,2010,4.83,2.3,2.89,3.74,7.44,6.11,6.74,5.96,14.47,5.04,12.43,7.06,6.59,5.33,6.17,6.74,3.44,8.95,3.67,4.24,6.59,3.43,7.31,4.4,7.29
PRECTOTCORR,2011,4.84,4.36,0.39,1.53,3.14,7.75,7.13,6.76,5.7,13.79,7.01,5.78,5.69,7.64,4.44,6.41,5.5,8.66,4.36,6.3,8.93,3.38,8.9,8.34,8.99
PRECTOTCORR,2012,4.25,1.38,2.46,3.57,4.26,5.23,11.76,7.59,6.5,5.76,7.22,4.1,5.36,3.5,3.58,5.39,6.88,6.96,6.33,4.43,8.15,5.21,4.48,8.38,8.03
PRECTOTCORR,2013,0.87,2.19,3.82,4.26,7.04,9.76,4.97,4.03,8.01,8.34,8.29,3.91,5.46,3.56,8.54,5.93,5.71,4.19,4.27,6.05,7.61,6.19,6.62,3.94,3.15
PRECTOTCORR,2014,2.33,1.82,1.16,6.46,5.62,8.17,13.46,9.71,10.68,9.43,7.6,10.18,7.25,5.24,3.05,5.33,5.64,8.27,5.08,7.89,4.77,7.38,4.95,4.81,7.48
PRECTOTCORR,2015,5.55,3.84,2.56,3.86,8.18,8.96,7.93,5.4,9.05,9.4,8.69,4.19,6.48,5.17,6.92,5.11,3.35,3.39,5.46,4.04,5.74,3.98,5.28,4.88,7.33
PRECTOTCORR,2016,2.2,4.16,1.02,3.07,5.46,10.77,8.31,8.44,6.56,11.06,12.83,5.71,6.63,8.46,5.94,3.79,4.76,3.85,4.74,4.97,3.84,8.43,8.31,7.13,6.54
PRECTOTCORR,2017,4.29,1.51,3.13,5.19,18.42,10.88,9.28,8.28,12.79,17.98,5.4,5.0,8.57,3.63,5.37,6.93,6.48,4.16,4.47,6.67,8.09,3.07,7.31,4.77,8.53
PRECTOTCORR,2018,11.85,3.35,3.29,4.88,10.26,11.86,16.5,9.19,8.78,13.14,5.21,2.1,8.42,3.93,4.36,3.92,8.27,3.13,8.8,5.91,4.21,6.71,8.93,4.88,3.52
PRECTOTCORR,2019,0.73,1.52,4.71,4.75,13.5,8.53,6.26,8.3,9.8,12.51,9.94,6.34,7.28,5.28,8.42,4.18,4.59,6.76,3.9,7.54,3.35,3.44,8.78,6.28,4.08
PRECTOTCORR,2020,4.42,2.55,0.82,6.57,7.76,13.64,6.98,7.83,8.88,13.55,16.18,10.77,8.33,8.88,8.67,7.36,9.0,7.06,4.13,3.84,8.5,8.54,5.52,6.0,6.02
PRECTOTCORR,2021,3.27,1.53,5.2,9.74,10.32,9.86,9.89,12.41,7.95,7.6,4.09,4.18,7.21,8.88,3.7,7.06,3.65,7.76,6.92,7.05,4.56,8.56,3.98,5.81,3.57
PRECTOTCORR,2022,1.4,1.65,7.19,8.26,8.59,15.96,7.43,6.15,10.84,9.1,11.4,3.39,7.62,8.55,5.5,7.66,3.71,4.47,3.9,8.07,7.82,5.8,3.6,7.56,7.8
PRECTOTCORR,2023,2.61,3.12,4.89,3.41,7.45,9.71,9.46,7.49,5.91,12.31,9.81,4.84,6.78,7.57,3.27,5.7,3.78,8.06,6.75,3.61,8.51,8.64,3.23,3.03,6.58
PRECTOTCORR,2024,1.09,4.05,2.08,5.72,25.32,25.62,17.4,6.5,13.11,12.39,25.99,7.89,12.25,8.78,5.47,3.91,4.7,4.04,8.95,3.99,7.97,6.11,3.23,4.51,6.14
PRECTOTCORR_SUM,1981,81.85,93.1,53.33,180.6,206.5,355.9,103.56,299.07,270.81,199.23,275.36,132.19,2251.5,3.81,5.53,5.6,4.46,5.23,7.0,5.32,6.81,7.34,6.55,8.84,7.81
PRECTOTCORR_SUM,1982,102.28,83.67,41.74,111.39,275.81,87.58,261.23,151.3,175.2,204.61,81.24,111.37,1687.42,7.77,8.42,7.79,3.96,5.64,3.39,8.87,4.98,6.35,6.92,4.21,4.67
PRECTOTCORR_SUM,1983,42.87,2.58,28.7,112.82,93.33,138.31,163.39,175.31,152.12,231.61,90.34,102.71,1334.09,8.66,4.57,6.64,6.86,7.86,7.3,8.36,7.51,4.24,3.29,5.48,3.07
PRECTOTCORR_SUM,1984,21.27,29.15,18.65,81.59,148.16,173.52,148.82,203.06,175.02,164.33,68.09,62.18,1293.84,6.31,8.54,4.77,3.11,8.4,4.56,3.61,5.86,7.64,5.48,3.09,8.86
PRECTOTCORR_SUM,1985,60.14,11.45,15.62,25.35,68.66,240.49,167.71,133.63,130.81,112.16,71.96,62.81,1100.79,8.62,8.21,6.75,7.9,7.61,3.05,7.21,7.57,7.79,3.25,3.87,7.37
PRECTOTCORR_SUM,1986,78.53,10.85,17.65,13.8,138.17,239.1,145.25,250.33,172.03,249.44,134.93,118.77,1568.85,8.4,5.1,8.92,7.64,3.19,7.65,5.39,4.36,8.1,5.59,4.72,3.41
PRECTOTCORR_SUM,1987,49.5,32.28,21.21,135.58,126.38,140.73,119.9,150.9,97.72,201.72,78.59,49.29,1203.8,6.95,8.75,8.02,8.52,4.4,7.58,8.5,5.06,6.82,4.86,6.76,8.0
PRECTOTCORR_SUM,1988,78.15,24.42,22.84,52.08,100.46,80.51,94.87,161.49,192.46,154.16,104.74,35.28,1101.46,4.2,4.76,8.79,5.95,4.6,6.89,6.95,4.32,3.39,5.52,6.61,7.93
PRECTOTCORR_SUM,1989,14.01,16.98,10.52,11.7,63.3,161.17,93.55,122.16,152.25,146.21,72.89,66.66,931.4,5.97,3.51,4.02,3.62,4.4,3.11,8.31,7.87,3.09,3.04,4.74,3.2
PRECTOTCORR_SUM,1990,50.71,24.27,26.49,27.66,110.21,135.64,91.24,174.56,105.83,185.1,92.04,69.78,1093.53,6.85,4.51,7.3,7.5,3.3,6.75,3.57,5.35,8.9,5.7,4.73,7.54
PRECTOTCORR_SUM,1991,95.7,37.59,5.36,24.45,162.03,127.24,128.39,64.55,92.64,178.82,96.92,60.71,1074.4,7.17,3.87,8.49,7.55,5.48,7.46,8.43,4.95,4.61,4.9,3.36,8.41
PRECTOTCORR_SUM,1992,4.41,28.73,12.72,29.42,103.74,79.28,185.03,115.71,93.28,97.92,81.53,28.43,860.2,4.4,8.68,8.8,6.71,5.34,4.13,4.27,8.47,3.6,3.11,8.96,4.18
PRECTOTCORR_SUM,1993,8.73,5.77,23.48,47.39,239.5,129.77,78.35,121.77,213.49,70.92,31.77,39.61,1010.55,7.07,6.07,8.01,3.15,6.35,5.91,3.1,7.22,4.79,5.47,7.25,4.31
PRECTOTCORR_SUM,1994,0.76,8.19,5.14,32.76,32.98,74.22,110.91,85.02,86.98,127.12,104.74,31.31,700.13,8.79,5.3,7.52,5.11,8.91,7.55,7.19,6.33,8.93,8.3,3.6,4.99
PRECTOTCORR_SUM,1995,5.07,11.06,20.82,69.8,167.8,176.53,98.54,222.48,137.43,131.31,72.64,20.89,1134.37,3.83,7.74,7.37,4.91,4.74,4.69,8.81,8.83,3.06,7.85,4.85,3.13
PRECTOTCORR_SUM,1996,44.21,43.97,5.78,14.19,142.43,78.93,74.62,74.14,79.6,86.63,114.26,72.13,830.89,3.83,5.2,5.72,5.51,4.33,5.84,6.49,4.12,4.72,7.12,8.09,3.43
PRECTOTCORR_SUM,1997,62.34,37.01,14.89,57.88,201.43,239.17,131.91,184.21,229.21,272.61,128.78,64.3,1623.74,3.49,5.11,7.44,7.92,4.42,8.2,7.94,6.05,7.33,6.33,7.68,3.05
PRECTOTCORR_SUM,1998,0.82,8.69,5.03,25.14,198.25,220.78,323.67,276.1,170.44,353.56,146.86,269.6,1998.94,6.59,3.59,6.87,4.32,8.26,3.11,8.7,4.66,6.92,8.78,7.24,6.73
PRECTOTCORR_SUM,1999,66.35,122.54,42.59,170.42,235.63,266.01,178.21,329.88,272.83,229.67,149.3,266.75,2330.18,3.79,7.49,7.25,7.51,8.04,8.77,7.92,6.44,5.59,4.95,7.17,3.48
PRECTOTCORR_SUM,2000,131.59,84.88,23.73,85.66,202.91,257.4,204.44,218.08,190.71,142.9,144.57,82.47,1769.34,6.21,6.87,3.65,7.6,6.16,3.65,6.77,4.2,8.55,6.79,5.59,7.05
PRECTOTCORR_SUM,2001,69.82,60.21,39.09,86.54,155.36,209.34,140.6,163.97,155.89,221.62,195.21,69.71,1567.36,4.53,8.01,5.79,7.4,3.17,8.8,4.37,8.97,3.85,3.76,5.38,4.07
PRECTOTCORR_SUM,2002,113.82,38.55,54.82,71.95,322.83,203.68,355.01,290.7,170.72,174.37,287.63,129.58,2213.66,7.01,3.96,7.79,5.72,4.9,7.34,3.08,7.37,6.56,3.32,3.58,8.77
PRECTOTCORR_SUM,2003,73.24,57.15,43.35,87.4,282.44,125.5,142.73,115.86,89.22,185.41,171.74,162.82,1536.86,3.57,4.35,7.8,4.94,5.46,8.52,3.89,6.14,4.87,8.35,8.32,5.0
PRECTOTCORR_SUM,2004,32.57,64.64,112.24,55.47,226.44,125.25,147.31,135.88,207.49,147.6,345.18,165.92,1765.99,5.07,6.57,7.9,3.2,5.31,6.37,5.53,4.85,7.53,4.41,4.33,3.89
PRECTOTCORR_SUM,2005,210.55,117.71,50.42,203.88,175.48,248.03,205.64,215.05,308.52,352.25,223.7,62.03,2373.26,8.1,7.69,8.07,7.02,6.29,7.54,7.28,8.67,8.56,3.6,3.78,4.28
PRECTOTCORR_SUM,2006,211.08,68.68,148.75,66.03,234.18,173.15,289.21,150.11,156.79,116.93,158.9,169.94,1943.75,6.23,4.2,8.58,4.79,4.87,8.23,8.07,6.71,7.48,7.4,4.25,3.72
PRECTOTCORR_SUM,2007,103.35,4.27,59.21,126.7,270.63,166.52,195.93,183.07,174.37,271.59,398.39,331.14,2285.17,7.05,6.78,8.73,3.44,5.11,6.69,4.03,8.92,6.9,6.94,4.93,4.04
PRECTOTCORR_SUM,2008,77.02,59.13,35.42,149.71,204.16,263.12,232.18,305.76,208.43,271.01,203.0,78.72,2087.66,5.26,6.32,4.51,7.87,4.63,6.49,4.15,6.84,4.9,7.96,4.44,3.56
PRECTOTCORR_SUM,2009,59.64,108.08,167.74,47.92,157.55,210.03,262.95,192.45,110.15,241.98,144.91,44.65,1748.05,7.22,4.64,7.87,8.6,5.49,3.27,7.53,3.11,3.46,8.37,6.22,5.9
PRECTOTCORR_SUM,2010,149.69,64.47,89.62,112.11,230.63,183.16,208.94,184.9,434.19,156.18,372.89,218.87,2405.65,8.15,8.21,8.74,4.62,6.38,6.75,6.13,3.29,5.86,8.38,6.76,8.51
PRECTOTCORR_SUM,2011,149.98,122.21,12.16,45.77,97.48,232.45,221.1,209.41,170.9,427.54,210.3,179.2,2078.5,3.82,5.11,8.52,4.98,6.54,6.97,5.0,7.72,5.66,5.12,5.2,8.5
PRECTOTCORR_SUM,2012,131.89,39.99,76.3,107.09,132.1,157.04,364.44,235.33,194.91,178.68,216.49,127.09,1961.35,4.26,4.23,3.66,8.3,8.86,8.5,4.69,4.51,5.75,3.97,7.88,8.78
PRECTOTCORR_SUM,2013,27.06,61.24,118.55,127.82,218.25,292.85,153.93,125.01,240.19,258.52,248.8,121.14,1993.36,3.01,8.5,6.3,4.56,4.62,6.17,7.76,7.69,6.43,3.89,6.56,4.5
PRECTOTCORR_SUM,2014,72.26,51.07,35.95,193.9,174.32,245.07,417.3,300.88,320.25,292.31,228.08,315.63,2647.02,8.16,3.18,7.07,7.24,5.39,3.66,4.59,6.2,4.17,5.58,7.42,5.48
PRECTOTCORR_SUM,2015,171.9,107.62,79.44,115.93,253.66,268.78,245.76,167.49,271.54,291.49,260.8,129.76,2364.17,8.49,6.21,3.06,5.36,5.48,7.04,6.73,6.84,6.06,3.87,3.9,6.38
PRECTOTCORR_SUM,2016,68.08,120.74,31.67,92.15,169.26,323.1,257.59,261.78,196.69,342.88,384.79,176.91,2425.64,4.17,8.6,7.91,7.37,5.68,4.77,8.47,7.6,5.57,5.57,4.0,8.01
PRECTOTCORR_SUM,2017,132.87,42.27,97.04,155.81,570.93,326.31,287.8,256.78,383.59,557.39,161.87,154.91,3127.57,6.07,4.46,7.92,5.52,7.42,6.97,5.15,3.96,8.02,6.58,4.73,6.87
PRECTOTCORR_SUM,2018,367.34,93.77,102.08,146.43,318.14,355.88,511.39,284.92,263.43,407.34,156.19,64.95,3071.86,6.18,7.54,3.19,7.81,3.01,5.41,3.68,5.73,8.41,4.26,3.29,3.65
PRECTOTCORR_SUM,2019,22.65,42.64,146.12,142.39,418.58,255.94,194.16,257.22,294.02,387.89,298.22,196.57,2656.4,6.18,3.97,6.25,4.87,3.11,5.38,4.41,8.85,8.28,7.77,5.9,5.89
PRECTOTCORR_SUM,2020,137.07,73.95,25.28,197.06,240.58,409.23,216.41,242.73,266.41,419.9,485.29,334.01,3047.92,7.87,3.01,5.13,8.16,7.87,4.15,6.67,4.67,3.08,7.92,3.95,6.72
PRECTOTCORR_SUM,2021,101.45,42.93,161.12,292.17,319.96,295.87,306.55,384.7,238.49,235.75,122.78,129.66,2631.43,5.0,5.02,4.11,4.7,6.17,5.82,3.23,3.62,7.72,4.68,3.3,3.99
PRECTOTCORR_SUM,2022,43.42,46.31,222.83,247.76,266.35,478.87,230.37,190.57,325.22,282.13,341.96,104.96,2780.75,6.32,3.66,7.95,6.46,5.47,5.11,6.45,3.26,4.33,5.71,4.14,3.88
PRECTOTCORR_SUM,2023,80.76,87.3,151.59,102.28,231.09,291.24,293.25,232.04,177.24,381.46,294.26,150.04,2472.55,8.56,5.93,3.78,5.02,6.21,8.8,7.68,6.4,8.51,5.34,4.17,6.51
PRECTOTCORR_SUM,2024,33.88,117.35,64.52,171.48,785.07,768.48,539.28,201.52,393.4,384.18,779.73,244.65,4483.54,4.64,8.62,4.01,6.08,7.97,7.45,4.4,4.34,4.4,5.27,3.13,5.1
QV2M,1981,13.12,13.8,13.85,14.65,15.17,15.33,14.38,14.52,14.58,14.54,14.69,14.28,14.41,6.12,4.23,7.65,3.14,3.09,8.39,8.53,3.64,3.09,5.21,6.63,3.49
QV2M,1982,13.3,13.24,12.7,13.25,14.5,15.08,14.57,14.62,14.73,14.43,14.34,14.23,14.09,7.43,8.54,5.43,3.17,8.41,8.33,5.81,3.23,8.62,3.63,5.09,5.64
QV2M,1983,14.27,13.68,13.68,13.24,15.11,15.01,14.92,14.45,14.07,14.31,14.96,14.2,14.33,5.42,7.54,6.17,4.75,5.39,7.64,3.61,4.59,8.23,6.53,8.38,5.78
QV2M,1984,13.1,13.39,12.85,12.69,14.13,14.34,14.15,14.52,14.55,14.7,13.7,13.65,13.82,3.43,4.13,3.16,7.01,5.23,4.35,5.04,4.72,6.97,6.68,7.61,7.97
QV2M,1985,12.46,12.52,12.2,12.41,13.5,14.27,13.84,13.91,13.88,13.83,13.98,13.59,13.37,7.36,3.85,8.73,5.47,8.26,4.87,7.78,7.65,4.77,8.02,8.93,4.09
QV2M,1986,12.76,12.05,12.18,13.38,14.31,14.5,14.17,14.09,14.54,14.32,14.44,13.97,13.73,3.79,5.83,3.03,4.02,5.07,3.39,8.16,4.43,3.5,8.12,7.52,7.94
QV2M,1987,13.29,13.82,13.46,14.4,14.74,14.4,14.78,14.38,14.52,15.08,14.64,14.33,14.32,4.16,4.64,3.21,7.35,6.86,4.77,5.83,4.07,6.07,7.28,3.89,5.12
QV2M,1988,13.32,13.38,12.82,12.96,14.43,14.09,14.11,14.64,14.77,14.3,14.29,13.65,13.9,7.17,7.76,5.26,7.89,6.14,4.73,5.65,6.58,5.29,6.02,8.76,3.13
QV2M,1989,13.05,11.95,11.53,12.86,14.0,14.4,14.2,14.05,14.62,14.39,14.95,13.46,13.63,3.69,7.85,5.11,3.24,5.0,3.56,3.5,8.32,7.32,4.98,4.87,3.07
QV2M,1990,13.55,12.33,12.65,12.92,14.64,14.85,14.26,14.63,14.33,14.89,15.06,13.97,14.02,6.97,6.62,8.65,7.05,5.87,5.16,6.45,7.09,8.04,6.66,8.61,6.13
QV2M,1991,13.15,12.72,12.62,13.02,15.19,14.97,14.61,14.28,14.33,14.27,14.13,13.53,13.91,8.03,4.69,6.38,6.59,6.91,3.97,5.85,4.75,7.67,8.13,8.61,6.54
QV2M,1992,12.82,12.64,12.23,13.39,14.5,15.14,14.65,14.6,14.66,14.67,14.3,13.6,13.94,3.62,4.19,5.41,3.0,7.38,5.32,4.49,4.52,3.81,6.77,7.03,4.18
QV2M,1993,12.99,11.99,12.57,13.49,15.4,15.68,14.79,14.98,14.7,14.93,14.22,13.55,14.12,3.74,5.19,8.19,6.48,6.18,4.02,8.98,7.8,4.64,6.46,3.26,6.15
QV2M,1994,12.26,12.32,11.76,12.93,14.45,14.53,14.7,14.52,14.77,14.65,14.75,13.48,13.77,6.48,3.45,6.47,6.51,4.66,4.91,3.47,6.5,8.85,3.45,5.2,6.32
QV2M,1995,12.59,12.3,12.64,14.21,14.85,15.65,14.74,15.52,15.31,15.54,14.69,13.61,14.31,8.26,7.86,3.64,7.19,5.74,6.98,3.98,8.08,4.68,4.72,5.78,5.6
QV2M,1996,13.03,12.84,12.46,12.93,14.8,15.24,14.66,13.93,14.75,14.99,14.55,13.52,13.98,4.09,5.59,4.32,3.24,7.89,5.87,3.63,3.32,4.3,4.41,5.5,3.29
QV2M,1997,12.35,13.41,12.02,12.82,14.69,15.53,15.62,15.25,15.46,15.82,15.56,13.96,14.38,7.91,5.14,3.84,7.28,5.16,7.51,3.51,3.75,7.27,3.49,3.61,6.98
QV2M,1998,13.48,14.02,13.28,13.77,14.98,15.86,15.44,15.55,15.69,16.08,15.09,14.82,14.84,4.65,6.38,5.7,6.77,7.39,8.93,4.72,3.47,3.49,8.71,4.18,3.32
QV2M,1999,13.54,13.2,12.98,13.7,14.88,14.99,14.79,14.87,15.18,15.09,14.49,14.07,14.32,6.91,7.6,5.3,5.22,7.77,5.13,8.85,7.29,4.79,5.13,5.09,7.28
QV2M,2000,13.09,12.93,12.9,13.6,14.92,15.13,14.65,14.92,15.11,14.69,14.55,13.89,14.2,7.98,4.23,8.81,5.12,5.89,6.27,7.09,6.8,6.8,5.57,6.99,6.51
QV2M,2001,12.98,12.7,12.61,13.6,14.53,15.3,14.68,15.68,14.98,15.6,14.93,14.77,14.37,7.54,3.49,8.91,7.41,5.13,4.34,8.88,8.82,7.71,6.42,5.08,8.18
QV2M,2002,13.73,13.11,13.1,13.12,15.64,15.86,15.63,15.28,15.46,15.44,14.93,14.04,14.62,7.8,3.28,8.97,3.09,4.73,6.91,3.6,8.08,7.88,5.52,7.87,4.07
QV2M,2003,13.7,13.52,13.32,13.72,15.75,15.6,15.19,15.17,15.15,15.63,15.31,14.54,14.72,4.59,3.01,6.6,3.81,6.09,7.02,5.28,7.7,4.46,6.85,6.95,3.41
QV2M,2004,13.51,13.41,13.69,14.05,15.53,15.41,14.84,15.34,15.16,15.25,14.88,14.26,14.61,3.12,8.75,7.67,8.93,5.3,4.3,3.52,3.76,4.48,4.19,7.47,6.44
QV2M,2005,13.87,12.98,14.17,14.53,15.79,16.5,15.75,15.46,15.63,15.78,14.89,13.57,14.92,4.01,5.03,7.61,4.98,6.3,4.17,4.65,4.47,6.25,7.39,7.03,5.52
QV2M,2006,14.01,13.11,13.43,13.71,15.13,15.59,15.71,15.31,15.0,15.44,14.9,14.75,14.69,7.08,7.06,6.16,3.34,6.58,8.66,5.83,7.42,3.4,8.53,7.93,5.59
QV2M,2007,13.95,12.89,13.2,14.24,15.61,15.57,14.99,15.21,15.23,15.39,15.25,14.09,14.64,6.57,7.61,8.16,4.18,4.14,5.5,7.23,7.69,3.44,8.24,5.87,5.15
QV2M,2008,13.2,13.04,12.85,13.73,14.67,15.52,15.02,15.2,15.24,15.49,15.02,14.08,14.42,7.87,3.32,6.31,4.25,5.97,7.25,7.01,7.77,5.6,7.45,6.48,6.31
QV2M,2009,13.58,13.23,13.05,13.46,14.95,15.72,15.53,15.31,15.22,15.72,15.18,14.54,14.63,6.12,4.12,4.34,6.61,3.95,6.85,8.15,6.23,8.0,7.07,6.04,6.39
QV2M,2010,13.86,14.49,14.13,14.81,16.22,15.26,15.34,15.53,15.31,15.02,14.4,13.31,14.81,6.39,3.52,6.69,7.44,8.92,5.17,4.06,8.38,6.34,8.22,4.73,5.34
QV2M,2011,13.53,13.72,12.88,13.14,14.33,15.25,15.22,15.02,15.24,15.17,14.53,14.3,14.36,6.92,5.56,4.51,4.12,7.06,7.21,4.36,3.34,8.67,6.53,7.93,6.62
QV2M,2012,13.34,12.95,13.25,13.87,15.32,15.61,15.42,15.02,14.79,14.91,14.97,14.58,14.51,3.05,3.18,6.76,5.64,3.92,5.84,7.5,7.16,6.74,5.44,3.12,4.14
QV2M,2013,13.77,13.18,13.67,14.3,14.79,15.89,15.3,14.98,15.51,15.21,14.76,14.21,14.64,7.66,4.58,3.36,6.98,3.48,7.98,7.41,5.28,7.27,5.59,7.43,3.11
QV2M,2014,13.63,13.12,12.92,14.43,15.04,15.91,15.81,15.07,15.18,15.42,15.17,14.73,14.71,3.16,6.35,4.32,4.53,7.8,5.55,8.76,3.45,3.84,4.45,6.79,5.53
QV2M,2015,14.02,13.69,13.46,14.45,15.27,16.33,15.57,15.54,15.82,15.96,15.69,15.54,15.12,5.31,7.03,6.78,8.44,7.96,6.71,6.94,8.72,8.7,7.43,4.57,3.55
QV2M,2016,14.11,14.0,13.91,14.38,15.59,15.87,15.06,15.75,15.31,15.86,15.49,14.85,15.02,8.31,8.98,4.29,7.03,5.97,3.89,8.69,8.48,8.05,7.7,4.72,4.96
QV2M,2017,13.81,13.64,13.39,15.04,16.5,16.16,15.89,15.6,16.1,15.54,15.28,14.51,15.13,7.21,8.4,5.04,3.6,4.41,7.15,4.39,3.83,3.72,3.96,7.43,7.85
QV2M,2018,14.27,13.38,13.56,14.51,15.25,15.86,15.58,15.27,15.48,15.25,15.25,14.1,14.82,4.81,3.82,4.51,4.7,3.64,7.28,7.13,8.96,6.16,5.75,5.82,8.65
QV2M,2019,13.36,12.78,13.44,14.2,16.2,16.37,15.51,15.67,15.68,15.71,15.12,15.19,14.95,4.54,5.21,7.99,4.04,4.76,8.91,7.29,6.95,7.78,7.72,5.15,6.75
QV2M,2020,14.71,14.33,13.41,14.12,15.82,15.77,15.08,15.43,15.15,15.69,15.47,14.47,14.96,4.45,7.78,8.13,8.1,7.36,7.8,7.66,6.22,5.22,5.35,3.19,7.63
QV2M,2021,14.0,13.98,13.48,15.01,15.59,15.57,15.67,15.24,15.33,15.47,14.52,14.77,14.89,5.26,3.14,8.14,6.39,4.81,3.91,3.93,7.12,8.88,6.25,8.83,6.2
QV2M,2022,13.34,12.74,13.69,14.79,15.78,15.41,15.61,15.07,15.51,15.36,15.27,14.24,14.74,6.82,6.51,4.87,3.56,8.7,4.83,3.42,4.99,8.97,6.79,7.17,5.98
QV2M,2023,13.94,13.63,13.92,14.06,15.52,16.31,16.14,16.12,15.74,16.61,16.41,15.55,15.34,7.27,8.29,6.41,6.63,8.94,6.86,7.58,7.76,8.23,7.32,4.19,8.74
QV2M,2024,15.02,14.21,14.53,14.71,16.36,16.99,16.54,15.92,16.32,16.31,15.99,15.32,15.69,5.12,7.74,7.46,6.26,4.66,5.07,6.67,5.52,3.97,5.81,4.9,5.57
RH2M,1981,88.79,89.09,85.61,87.67,88.01,92.33,90.36,90.62,90.73,91.51,92.54,91.0,89.85,5.66,3.87,5.35,6.59,8.69,8.72,3.72,5.33,8.06,7.9,4.32,7.04
RH2M,1982,89.43,86.99,82.57,82.51,85.71,89.27,91.26,90.88,91.05,92.28,90.15,90.46,88.56,8.56,5.06,8.91,3.26,6.5,3.28,8.2,6.21,5.94,7.38,6.98,8.44
RH2M,1983,88.61,83.62,79.12,76.23,84.75,86.92,89.27,89.29,88.14,91.47,92.17,91.35,86.78,8.24,7.63,6.28,6.03,3.53,5.94,5.01,6.2,8.42,8.85,6.5,7.72
RH2M,1984,87.41,85.46,79.35,76.8,82.92,89.41,90.08,90.38,91.43,92.04,90.17,89.25,87.07,3.76,4.76,8.7,3.82,8.39,7.19,5.41,8.99,6.35,3.22,7.13,4.91
RH2M,1985,86.96,82.98,78.17,76.09,79.52,88.62,89.75,89.88,88.23,87.68,88.18,88.1,85.37,3.21,8.93,5.72,7.44,7.3,6.55,7.94,4.4,8.57,4.79,7.83,3.36
RH2M,1986,86.18,80.24,78.66,78.53,82.71,88.53,90.71,89.85,90.76,91.28,91.29,90.04,86.61,3.13,6.85,3.3,8.37,3.17,3.53,7.82,8.38,3.58,5.15,7.18,7.95
RH2M,1987,88.54,86.85,79.61,85.93,86.4,86.2,89.92,90.2,88.33,91.36,89.44,87.88,87.56,8.06,6.85,4.93,7.43,8.85,6.49,5.8,6.0,6.07,3.83,6.66,4.48
RH2M,1988,84.68,83.86,79.33,76.99,81.95,85.12,87.74,90.26,91.65,89.57,89.58,87.92,85.73,6.67,5.98,7.48,7.23,6.26,6.47,6.42,8.25,3.32,4.4,7.97,4.85
RH2M,1989,83.94,80.83,75.96,76.22,81.08,87.02,88.58,86.55,89.96,89.37,90.96,88.1,84.9,5.06,8.32,5.96,5.41,5.41,5.36,5.7,4.11,4.75,3.19,6.2,8.55
RH2M,1990,86.3,81.13,79.43,76.69,84.17,88.01,88.35,89.01,88.74,91.22,92.04,89.42,86.25,8.34,3.73,4.91,7.21,3.92,6.54,4.21,5.82,6.91,7.81,4.43,3.04
RH2M,1991,87.09,83.82,77.38,76.22,88.18,88.58,89.39,88.0,88.19,89.01,89.55,88.0,86.14,7.02,8.0,5.06,6.36,8.65,3.08,3.09,6.52,3.61,5.24,4.32,3.97
RH2M,1992,83.61,80.26,75.76,76.98,82.94,85.38,90.91,90.21,89.78,91.09,88.81,85.87,85.16,5.95,5.58,8.55,3.8,5.66,3.15,4.03,6.09,7.54,5.81,3.71,7.55
RH2M,1993,82.13,76.91,77.57,76.62,87.83,91.36,89.99,90.82,91.33,91.12,88.47,85.61,85.87,5.68,7.33,6.47,6.47,5.9,4.75,8.21,3.4,5.7,8.27,3.55,4.1
RH2M,1994,80.26,78.9,73.32,76.41,81.22,84.71,88.31,87.58,87.69,89.2,90.63,85.28,83.65,7.07,8.88,5.6,6.39,5.8,7.88,8.15,4.55,7.51,8.27,5.56,7.1
RH2M,1995,80.72,78.11,76.16,79.88,85.78,90.85,89.11,92.17,92.56,93.05,90.12,87.44,86.37,3.97,7.65,8.54,5.9,4.25,5.1,5.52,4.89,3.9,3.46,7.25,8.4
RH2M,1996,85.92,83.18,76.59,76.16,84.64,89.15,88.12,85.65,87.45,89.24,88.92,86.57,85.14,5.32,3.61,6.85,5.36,4.15,3.4,4.24,4.15,3.48,7.35,7.05,3.97
RH2M,1997,83.46,83.97,76.72,75.38,86.87,91.84,91.22,90.61,91.32,93.26,93.42,89.12,87.28,6.46,7.5,7.76,8.31,7.21,7.65,4.7,7.53,4.91,8.2,8.75,4.34
RH2M,1998,85.96,80.73,75.73,76.46,82.45,90.92,92.14,92.95,91.57,94.48,92.67,93.44,87.51,7.81,5.66,7.1,3.45,8.64,5.33,7.72,5.67,4.94,4.37,5.39,3.11
RH2M,1999,89.79,88.82,85.19,84.72,89.5,92.3,92.07,92.19,93.52,93.86,91.78,92.98,90.57,7.23,3.37,3.75,3.43,5.85,8.17,4.96,8.2,3.97,6.89,8.19,5.76
RH2M,2000,90.39,89.06,84.8,84.77,87.78,91.93,91.56,92.24,92.26,91.75,90.86,90.55,89.83,3.96,6.89,7.55,4.1,6.3,5.52,7.67,6.37,3.63,6.73,4.11,8.91
RH2M,2001,88.02,85.69,80.74,83.34,84.17,90.79,90.21,92.12,91.4,92.63,92.67,90.76,88.56,7.83,3.57,4.17,4.74,6.52,4.15,5.12,8.68,7.83,7.27,7.72,3.2
RH2M,2002,89.16,85.92,83.25,81.56,90.59,91.63,93.83,92.77,91.74,93.42,92.22,90.57,89.76,7.16,7.67,5.91,5.62,4.06,8.13,6.36,6.01,5.45,5.51,8.04,6.42
RH2M,2003,89.48,87.26,81.22,80.76,90.46,92.13,91.47,91.02,89.79,92.03,93.48,92.23,89.3,7.96,7.98,4.59,4.91,5.63,5.99,3.98,4.36,7.14,6.43,4.39,4.28
RH2M,2004,88.03,85.99,85.7,81.37,89.81,90.95,90.82,90.78,89.9,90.89,92.47,91.37,89.03,4.9,5.09,3.65,6.79,8.15,3.23,7.83,7.59,4.08,3.56,3.34,7.46
RH2M,2005,91.77,88.51,85.4,85.99,89.55,93.36,91.62,92.32,93.82,94.36,92.86,89.21,90.74,6.59,7.07,4.63,5.51,8.97,7.93,3.91,3.82,3.63,5.34,4.22,4.11
RH2M,2006,91.18,87.91,86.93,83.7,88.69,91.76,93.01,91.07,89.84,90.78,92.86,91.77,89.98,4.29,3.25,3.9,4.37,8.89,5.13,7.42,4.72,6.64,4.51,4.15,5.81
RH2M,2007,89.84,83.94,82.31,83.51,90.24,91.15,91.38,91.31,91.33,93.23,94.14,91.4,89.52,8.19,6.75,5.18,4.8,5.93,3.7,7.58,5.14,8.67,4.57,5.47,3.69
RH2M,2008,89.54,87.96,83.96,84.5,87.18,92.23,92.58,91.62,90.43,93.62,92.71,90.29,89.73,8.35,4.61,3.9,7.84,4.93,7.58,3.69,3.33,6.15,5.44,5.02,3.66
RH2M,2009,89.06,87.89,86.62,81.9,85.64,91.34,91.29,90.92,88.78,92.85,91.88,89.56,88.99,5.3,3.52,8.95,6.56,5.91,5.47,3.77,6.88,3.49,6.1,6.93,5.97
RH2M,2010,88.51,87.4,83.92,82.68,90.07,89.9,90.1,91.94,91.87,91.56,92.29,90.79,89.27,6.34,8.91,3.17,5.86,8.13,4.65,6.54,8.85,8.08,7.36,3.4,3.66
RH2M,2011,89.29,88.61,83.23,79.61,80.84,88.15,90.92,88.92,90.33,93.43,91.93,92.65,88.16,5.04,6.36,3.7,7.02,8.4,4.15,5.71,4.52,4.32,3.66,4.58,7.26
RH2M,2012,89.48,86.77,84.72,83.37,86.78,89.09,91.86,89.87,89.93,90.96,92.55,91.08,88.88,3.17,3.51,5.93,8.53,6.63,3.91,6.5,5.14,5.31,6.99,6.38,7.49
RH2M,2013,88.19,85.65,84.4,84.37,87.17,92.33,92.14,90.42,90.77,92.04,90.96,90.61,89.11,4.79,3.61,7.83,6.35,7.29,3.16,4.97,3.12,3.37,7.92,7.19,8.14
RH2M,2014,89.43,86.58,80.87,85.09,86.87,91.54,93.13,91.03,91.19,92.34,93.04,92.94,89.52,6.76,6.36,4.64,8.61,6.67,7.94,7.79,7.21,8.25,8.73,5.48,5.12
RH2M,2015,90.67,89.37,86.31,85.46,89.03,92.44,92.27,90.63,92.01,91.34,92.71,91.26,90.3,7.73,8.69,6.79,5.1,6.58,8.35,3.47,7.09,6.92,6.55,8.67,3.58
RH2M,2016,88.75,88.27,81.08,80.55,85.09,91.43,90.84,90.94,90.57,93.16,93.65,93.04,88.95,3.8,3.69,3.56,4.5,4.25,6.07,5.36,7.66,3.4,5.37,8.84,6.66
RH2M,2017,89.49,87.23,84.18,85.89,92.91,92.31,92.54,90.62,92.67,91.43,92.08,91.82,90.28,4.44,7.28,8.35,6.18,4.59,6.87,5.99,5.9,5.66,7.28,4.81,4.75
RH2M,2018,93.54,89.28,87.15,87.2,88.69,92.7,93.03,91.73,90.55,91.98,91.26,89.8,90.59,6.49,7.94,4.16,5.52,7.04,7.44,5.11,7.42,4.71,6.07,6.26,7.47
RH2M,2019,87.04,80.66,83.69,82.1,91.47,91.58,91.08,91.24,91.37,93.36,91.56,91.88,88.98,7.34,6.17,3.16,3.04,6.42,8.63,8.29,7.39,7.98,6.81,5.66,6.18
RH2M,2020,90.99,89.05,83.52,83.35,88.7,91.46,90.94,90.98,89.58,92.39,92.52,91.87,89.62,4.38,6.6,5.48,7.87,7.22,4.71,7.62,5.49,8.88,4.56,5.93,3.64
RH2M,2021,90.49,87.9,85.54,88.86,91.07,90.93,91.44,91.23,90.36,90.83,90.33,91.61,90.07,8.89,4.54,6.7,7.38,5.29,4.38,8.23,8.59,5.38,3.07,4.91,8.17
RH2M,2022,87.92,84.07,84.93,87.36,90.6,92.94,92.15,89.93,91.01,91.46,92.97,90.88,89.72,4.25,4.07,3.89,8.3,4.22,7.15,4.0,3.67,4.11,6.15,4.82,6.21
RH2M,2023,90.2,88.15,87.55,83.38,85.51,90.52,91.8,90.84,88.68,92.57,93.77,91.62,89.57,6.17,6.93,8.68,3.04,4.15,7.05,8.17,4.85,7.86,7.26,7.79,6.47
RH2M,2024,89.62,87.47,81.79,83.24,87.56,92.91,93.1,90.32,91.03,93.06,94.04,93.15,89.78,4.3,6.33,4.1,5.65,7.89,5.78,5.88,5.32,5.62,6.47,5.21,7.18
T2M,1981,18.52,19.25,20.05,20.51,20.99,20.26,19.62,19.75,19.79,19.57,19.57,19.4,19.77,4.88,3.4,7.08,6.96,8.32,5.8,4.04,6.57,7.51,6.26,6.51,3.6
T2M,1982,18.61,19.02,19.36,20.13,20.81,20.61,19.66,19.81,19.89,19.29,19.64,19.45,19.69,4.93,3.12,5.98,8.97,5.14,7.02,8.84,8.67,6.78,7.73,7.78,6.81
T2M,1983,19.84,20.24,21.37,21.72,21.64,21.04,20.46,19.96,19.76,19.34,19.89,19.27,20.38,8.69,8.21,8.29,7.11,6.72,8.44,7.14,6.52,8.66,5.31,6.63,6.41
T2M,1984,18.75,19.53,20.35,20.86,21.03,19.78,19.43,19.78,19.61,19.67,18.91,19.01,19.73,8.05,3.11,4.43,8.08,3.79,6.79,7.85,5.69,8.06,7.52,8.29,3.24
T2M,1985,18.1,18.98,19.8,20.66,21.08,19.88,19.15,19.22,19.53,19.59,19.65,19.18,19.57,4.79,7.95,3.36,8.93,5.96,5.11,3.65,6.36,5.78,7.06,6.98,3.01
T2M,1986,18.62,19.1,19.65,21.16,21.32,20.16,19.35,19.42,19.72,19.42,19.51,19.23,19.72,5.43,3.55,7.69,6.92,8.87,6.63,5.12,4.01,7.82,5.2,4.09,3.72
T2M,1987,18.74,19.71,21.02,20.62,20.9,20.54,20.16,19.67,20.22,20.22,20.13,20.08,20.17,3.4,8.84,4.88,6.82,5.84,6.78,5.81,6.06,3.0,8.41,6.46,3.38
T2M,1988,19.61,19.87,20.28,21.21,21.61,20.47,19.9,19.96,19.84,19.7,19.7,19.32,20.12,7.49,4.95,5.75,3.52,3.43,8.96,4.75,5.02,6.28,6.67,6.25,5.36
T2M,1989,19.39,18.78,19.5,21.06,21.32,20.42,19.83,20.08,19.97,19.87,20.12,19.03,19.95,8.87,3.95,8.72,8.27,7.36,5.06,3.88,5.61,7.8,8.91,8.15,4.14
T2M,1990,19.55,19.24,20.08,21.12,21.31,20.65,19.91,20.19,19.93,20.01,20.01,19.36,20.12,8.79,8.94,5.06,6.52,4.25,6.45,6.57,5.69,4.21,8.53,8.34,6.86
T2M,1991,18.93,19.06,20.51,21.4,21.02,20.63,20.1,19.94,20.06,19.79,19.52,19.13,20.01,3.44,3.32,5.78,8.16,3.41,4.08,8.66,4.26,3.87,5.24,4.44,8.09
T2M,1992,19.24,19.85,20.52,21.61,21.39,21.55,19.84,19.93,20.06,19.79,19.87,19.66,20.27,7.67,3.74,3.38,8.44,4.61,5.39,8.08,3.74,5.51,7.35,8.07,8.18
T2M,1993,19.8,19.82,20.43,21.81,21.29,20.81,20.15,20.21,19.81,20.09,19.85,19.67,20.31,6.13,4.26,8.43,6.98,7.95,6.24,4.65,8.94,5.4,8.32,3.51,7.12
T2M,1994,19.28,19.74,20.48,21.12,21.73,21.05,20.44,20.39,20.64,20.18,19.99,19.63,20.39,3.66,3.09,6.42,4.04,7.91,7.3,3.94,8.58,7.98,3.92,3.35,5.16
T2M,1995,19.62,19.94,20.91,21.86,21.16,20.9,20.27,20.52,20.2,20.35,20.04,19.37,20.43,8.42,5.34,3.54,4.49,7.8,4.95,4.07,6.31,4.47,4.39,7.77,6.06
T2M,1996,18.95,19.42,20.51,21.22,21.39,20.83,20.42,20.14,20.66,20.53,20.13,19.43,20.3,4.77,5.15,7.95,5.46,3.78,7.92,5.89,5.09,5.68,7.81,5.02,3.6
T2M,1997,18.76,19.88,19.96,21.29,20.75,20.58,20.81,20.56,20.61,20.61,20.3,19.41,20.29,8.62,3.41,3.19,3.91,7.52,4.38,5.07,5.47,7.39,6.77,4.29,4.94
T2M,1998,19.47,21.35,21.76,22.2,22.12,21.12,20.46,20.37,20.81,20.63,19.94,19.54,20.81,3.94,3.02,3.68,6.68,3.12,6.38,8.96,8.08,5.9,5.3,6.98,5.12
T2M,1999,18.8,18.62,19.1,20.06,20.4,19.92,19.77,19.82,19.89,19.73,19.48,18.79,19.54,5.51,8.21,7.48,4.19,6.57,4.77,7.7,5.26,3.42,8.56,6.88,6.44
T2M,2000,18.17,18.26,19.12,19.96,20.83,20.15,19.72,19.85,20.05,19.72,19.72,19.06,19.55,7.67,4.92,7.39,7.19,8.97,8.18,5.68,5.99,3.88,6.08,8.07,4.24
T2M,2001,18.5,18.63,19.73,20.31,21.2,20.58,20.03,20.68,20.07,20.49,19.79,19.96,20.01,7.08,4.24,7.89,8.32,6.32,6.16,5.57,6.92,4.17,3.74,5.85,7.0
T2M,2002,19.18,19.11,19.73,20.16,20.97,20.97,20.31,20.14,20.52,20.16,19.9,19.24,20.04,3.78,6.45,7.98,4.68,3.9,4.46,5.63,3.62,7.17,6.76,4.44,3.14
T2M,2003,19.06,19.33,20.44,21.07,21.11,20.59,20.32,20.38,20.59,20.65,20.03,19.45,20.26,4.17,6.23,8.93,5.21,8.77,5.82,5.77,8.32,5.95,8.23,8.76,6.39
T2M,2004,19.14,19.49,19.86,21.32,21.02,20.65,20.06,20.62,20.58,20.46,19.77,19.32,20.19,3.46,3.28,5.56,4.44,6.03,8.16,5.57,3.47,4.98,6.48,8.48,3.96
T2M,2005,18.81,18.42,20.48,20.78,21.33,21.24,20.87,20.41,20.29,20.36,19.69,18.94,20.15,5.66,6.64,8.1,4.36,4.56,3.95,3.11,7.01,5.4,6.33,8.93,3.39
T2M,2006,19.09,18.68,19.31,20.35,20.84,20.65,20.53,20.51,20.43,20.69,19.68,19.8,20.06,7.95,6.19,3.67,6.27,7.69,8.12,5.89,5.72,8.79,5.07,5.54,7.75
T2M,2007,19.28,19.26,20.09,21.05,21.02,20.78,20.09,20.35,20.38,20.16,19.83,19.14,20.12,4.76,8.09,7.55,5.93,6.66,5.76,3.47,6.28,3.21,7.29,4.62,8.84
T2M,2008,18.46,18.6,19.25,20.21,20.69,20.51,19.92,20.29,20.56,20.19,19.88,19.32,19.82,4.45,6.65,3.69,8.96,4.48,5.64,3.77,4.35,3.52,8.42,4.41,5.38
T2M,2009,19.01,18.83,18.92,20.45,21.31,20.9,20.7,20.52,20.9,20.57,20.19,19.97,20.2,4.1,8.42,8.64,5.32,6.2,4.97,5.72,7.89,3.88,6.43,3.51,7.06
T2M,2010,19.43,20.36,20.73,21.83,21.66,20.69,20.73,20.58,20.36,20.1,19.28,18.32,20.34,8.92,5.01,5.88,4.12,6.55,6.23,3.16,3.08,4.63,6.71,4.37,5.15
T2M,2011,18.88,19.27,19.42,20.62,21.73,21.06,20.43,20.64,20.58,19.9,19.51,19.13,20.1,4.99,4.36,5.67,3.21,8.9,7.83,4.31,8.91,3.12,4.32,4.34,4.92
T2M,2012,18.66,18.74,19.56,20.64,21.44,21.24,20.47,20.44,20.19,20.1,19.88,19.73,20.09,3.17,6.73,4.67,4.3,3.02,3.75,3.62,5.7,3.12,5.98,4.14,8.91
T2M,2013,19.41,19.27,20.17,20.9,20.8,20.85,20.3,20.29,20.78,20.18,19.94,19.41,20.19,7.44,3.74,7.1,7.78,6.7,5.73,5.32,7.45,6.19,6.7,6.16,7.01
T2M,2014,19.0,19.01,20.09,20.87,21.16,21.04,20.65,20.28,20.35,20.38,19.98,19.53,20.2,7.03,8.25,5.51,4.09,3.28,7.83,3.86,8.29,4.05,4.67,8.97,8.56
T2M,2015,19.2,19.11,19.49,20.8,20.93,21.3,20.57,20.86,20.85,21.14,20.57,20.72,20.47,5.91,8.68,3.47,6.25,8.15,3.7,8.7,4.9,5.5,7.55,3.97,6.69
T2M,2016,19.67,19.68,21.29,21.93,22.14,21.03,20.29,21.01,20.64,20.67,20.18,19.65,20.68,6.58,6.55,7.07,8.22,8.66,4.17,3.23,6.23,8.74,8.8,5.11,6.04
T2M,2017,19.19,19.47,19.94,21.35,21.38,21.14,20.84,20.91,21.01,20.67,20.27,19.5,20.48,4.06,6.03,3.47,3.4,5.53,5.36,8.27,8.61,5.58,3.34,8.2,3.07
T2M,2018,18.94,18.76,19.41,20.53,21.0,20.76,20.43,20.37,20.8,20.3,20.43,19.47,20.11,6.63,5.69,4.28,5.23,4.99,3.67,3.13,3.5,3.02,7.39,8.12,8.2
T2M,2019,19.2,19.99,20.14,21.37,21.38,21.52,20.73,20.87,20.84,20.47,20.22,20.23,20.58,4.63,6.92,3.19,3.67,3.97,5.51,4.2,3.62,4.32,6.79,5.45,8.51
T2M,2020,19.93,19.9,20.1,20.97,21.55,20.91,20.28,20.66,20.6,20.64,20.39,19.48,20.45,3.31,7.97,6.62,3.4,3.04,5.86,5.19,4.35,8.45,4.74,3.29,7.37
T2M,2021,19.21,19.7,19.69,20.68,20.85,20.84,20.84,20.42,20.69,20.73,19.84,19.86,20.28,6.87,3.26,7.45,3.92,5.26,6.92,5.21,3.41,5.34,4.62,4.79,7.64
T2M,2022,18.99,19.11,20.12,20.8,21.11,20.24,20.62,20.49,20.74,20.49,20.09,19.42,20.19,4.64,6.75,3.18,3.13,4.54,4.04,8.33,5.38,6.25,6.89,6.58,4.07
T2M,2023,19.22,19.29,19.78,20.89,21.93,21.64,21.23,21.4,21.45,21.52,21.08,20.66,20.85,3.76,7.59,8.26,4.33,3.47,6.1,6.75,7.87,8.27,5.79,5.99,4.41
T2M,2024,20.49,20.06,21.74,21.64,22.37,21.82,21.36,21.32,21.56,21.15,20.64,20.12,21.19,8.54,5.16,5.08,5.86,5.45,3.92,7.58,6.55,7.51,6.53,3.1,8.79
T2M_MAX,1981,23.9,24.29,27.35,26.39,27.09,25.68,25.1,26.52,25.94,25.27,24.98,24.22,27.35,8.93,3.62,4.92,4.46,7.6,6.31,4.11,6.5,3.6,3.2,6.86,3.61
T2M_MAX,1982,24.54,24.57,26.71,27.46,27.8,26.94,24.56,25.21,25.27,24.2,24.83,25.02,27.8,6.92,8.11,7.27,5.69,3.11,8.19,3.33,3.31,8.86,7.06,4.04,3.73
T2M_MAX,1983,26.13,28.61,30.75,31.09,28.2,27.26,26.33,25.36,26.0,25.0,24.97,24.19,31.09,5.57,6.22,6.83,4.99,6.94,5.3,3.88,3.15,4.46,4.76,4.04,8.84
T2M_MAX,1984,23.68,26.75,29.1,29.38,28.3,25.76,24.92,24.96,25.23,25.1,23.97,23.51,29.38,5.31,4.16,6.8,8.29,3.09,6.32,6.65,4.64,4.17,4.22,8.25,3.53
T2M_MAX,1985,23.45,24.81,29.14,29.95,29.84,26.37,24.49,25.31,26.07,25.91,25.14,24.95,29.95,6.06,8.65,7.3,4.69,7.88,7.08,3.98,5.07,4.16,7.2,6.44,7.34
T2M_MAX,1986,23.79,26.47,28.38,29.79,30.47,27.03,24.77,25.3,25.91,25.11,24.74,24.34,30.47,3.86,7.99,8.49,5.28,8.31,8.49,3.7,8.45,7.18,4.2,5.68,7.59
T2M_MAX,1987,24.2,25.99,31.03,27.01,27.66,27.39,25.32,25.17,26.64,25.52,25.33,25.75,31.03,8.49,4.4,3.09,8.29,4.51,5.55,3.78,3.19,5.04,5.37,6.69,5.24
T2M_MAX,1988,25.36,28.06,28.2,29.86,29.42,28.24,27.0,25.48,25.62,25.19,25.53,24.07,29.86,8.41,8.45,3.72,5.57,7.42,7.63,3.96,4.15,5.46,8.17,3.41,8.47
T2M_MAX,1989,24.62,27.01,28.33,29.23,29.11,26.96,25.95,26.12,25.63,25.41,25.6,24.7,29.23,8.35,3.83,4.04,3.36,3.26,4.69,6.63,7.82,4.67,3.74,3.44,5.66
T2M_MAX,1990,24.95,26.75,28.77,29.64,28.45,27.56,26.24,25.57,26.07,26.13,24.75,25.2,29.64,8.13,8.74,8.02,7.08,5.49,4.92,8.62,6.0,4.9,3.23,5.69,3.25
T2M_MAX,1991,24.22,26.19,28.83,31.26,27.23,26.46,25.53,25.73,25.96,25.53,25.28,25.24,31.26,7.59,8.62,7.15,4.95,4.42,4.55,6.21,3.01,8.23,5.07,5.07,5.35
T2M_MAX,1992,24.89,29.24,29.95,31.69,28.72,29.1,25.51,25.33,25.82,25.76,25.47,25.26,31.69,5.74,3.25,3.19,3.13,4.25,7.83,6.89,7.93,8.51,3.71,3.47,5.13
T2M_MAX,1993,27.21,28.41,29.17,30.75,28.8,25.4,25.17,25.05,25.14,25.54,25.3,24.84,30.75,7.65,8.75,6.02,7.72,4.13,3.19,3.64,7.9,3.01,6.63,8.41,6.3
T2M_MAX,1994,26.14,27.89,28.92,29.67,30.09,28.2,25.62,26.19,26.77,26.48,26.31,25.16,30.09,6.68,3.4,3.31,5.85,7.56,6.43,5.29,3.34,5.91,6.92,8.56,6.69
T2M_MAX,1995,26.49,28.01,29.32,31.39,28.52,26.85,26.19,26.07,25.04,25.74,24.94,25.32,31.39,4.85,3.0,6.02,7.36,7.03,5.65,7.97,4.66,3.47,4.24,4.04,3.55
T2M_MAX,1996,24.78,26.71,30.36,29.45,28.91,26.49,26.22,27.41,27.19,26.03,26.35,24.17,30.36,8.87,5.02,3.45,4.85,5.45,6.81,8.86,4.61,7.91,7.73,4.79,8.64
T2M_MAX,1997,24.92,26.41,28.85,29.36,28.18,27.73,25.12,26.64,26.0,25.7,25.79,24.79,29.36,3.66,7.49,7.92,3.62,7.96,5.7,8.96,7.4,3.18,3.07,6.19,8.99
T2M_MAX,1998,26.32,29.92,31.29,31.78,31.12,26.66,25.86,25.06,26.21,25.25,25.19,24.06,31.78,5.39,5.82,6.57,7.58,6.51,5.41,3.72,5.18,4.01,3.01,4.82,5.19
T2M_MAX,1999,24.21,23.93,25.86,26.91,25.79,25.41,24.82,25.65,24.54,24.49,25.14,23.39,26.91,4.57,3.48,4.82,3.51,5.37,6.29,4.72,6.07,7.99,4.58,6.84,5.12
T2M_MAX,2000,23.99,23.37,26.65,26.48,27.32,25.61,24.54,24.41,25.17,25.3,25.31,24.15,27.32,8.31,5.84,6.94,8.6,3.82,3.14,7.15,6.57,7.65,8.17,6.8,4.37
T2M_MAX,2001,23.89,24.28,29.46,28.02,28.91,25.32,25.52,26.32,25.44,25.54,25.53,24.9,29.46,5.11,7.71,5.48,8.56,8.48,7.47,4.55,6.47,6.49,8.57,8.81,3.67
T2M_MAX,2002,24.54,25.09,27.28,26.55,26.36,25.81,24.68,25.03,25.06,25.06,24.79,24.22,27.28,8.64,6.43,5.52,8.78,4.3,3.41,5.17,4.37,5.79,6.0,8.58,7.63
T2M_MAX,2003,24.68,25.62,29.82,29.24,28.47,25.66,25.64,25.74,26.16,25.94,25.16,24.02,29.82,5.42,4.36,6.15,8.05,5.01,5.0,4.16,8.85,4.8,7.71,5.08,3.92
T2M_MAX,2004,24.67,27.08,26.29,29.51,26.81,26.38,25.33,26.04,26.25,26.57,25.9,24.33,29.51,5.0,7.61,5.88,7.88,6.36,4.57,4.27,6.71,8.61,7.44,6.53,4.17
T2M_MAX,2005,25.36,25.95,26.42,27.34,27.64,26.92,26.88,25.4,25.93,25.58,25.02,24.76,27.64,5.06,8.8,6.73,5.34,7.88,4.81,7.8,8.74,7.38,7.74,5.81,6.28
T2M_MAX,2006,24.63,24.7,25.6,27.34,27.18,25.77,25.5,25.5,26.49,26.36,25.23,24.74,27.34,3.47,8.91,3.29,6.29,4.0,4.03,5.4,4.83,4.75,6.09,4.44,8.37
T2M_MAX,2007,24.02,25.84,27.7,28.98,27.16,26.33,25.17,25.44,25.92,24.73,24.3,24.05,28.98,3.66,3.78,6.95,3.42,3.49,3.17,6.44,5.59,3.08,3.61,3.4,8.34
T2M_MAX,2008,23.53,24.48,25.43,26.57,27.67,25.94,24.83,25.46,26.58,25.19,25.15,24.51,27.67,5.26,6.68,6.75,3.44,7.74,3.4,7.88,5.23,4.46,5.11,7.2,6.4
T2M_MAX,2009,23.59,24.27,26.19,27.03,28.07,26.11,26.18,26.12,27.01,26.33,24.77,25.53,28.07,4.42,7.75,4.99,4.77,3.15,4.68,6.97,3.14,8.43,3.64,6.66,7.68
T2M_MAX,2010,25.14,26.46,28.47,29.68,26.94,26.93,26.08,26.51,25.03,25.31,24.75,23.74,29.68,4.29,3.97,6.65,7.84,5.1,5.82,8.04,8.05,4.08,7.05,7.89,5.52
T2M_MAX,2011,24.33,24.9,27.51,28.87,29.62,27.72,25.88,26.51,25.56,25.68,24.62,23.87,29.62,4.26,4.19,7.21,6.19,6.43,7.36,3.06,6.97,6.04,6.99,4.52,5.08
T2M_MAX,2012,23.34,24.16,26.94,27.59,27.95,26.95,25.4,26.68,26.22,25.17,25.09,25.17,27.95,6.45,4.85,3.4,4.21,6.97,8.56,6.5,8.08,3.62,5.74,3.57,7.95
T2M_MAX,2013,24.39,26.18,29.11,27.93,28.31,25.77,24.95,25.94,26.11,25.44,25.49,24.51,29.11,8.41,3.29,4.33,5.09,8.0,6.37,6.92,5.33,3.9,7.54,8.88,5.01
T2M_MAX,2014,23.97,26.07,27.14,29.0,27.37,26.5,25.46,26.07,25.26,25.85,25.58,24.86,29.0,8.8,6.47,5.64,3.02,5.38,5.39,3.41,5.51,5.5,5.59,3.31,6.37
T2M_MAX,2015,24.04,24.87,26.38,28.75,26.83,27.05,25.82,26.46,26.37,26.93,25.73,25.43,28.75,8.23,7.09,4.38,3.15,7.95,8.39,6.84,6.3,4.38,6.77,7.64,4.95
T2M_MAX,2016,25.35,26.51,30.08,29.72,29.78,26.79,25.2,26.33,25.96,26.05,25.63,24.82,30.08,5.25,6.68,4.76,6.4,5.2,5.69,4.33,6.23,6.23,7.04,3.14,3.3
T2M_MAX,2017,24.67,26.02,28.1,28.42,27.08,26.24,25.32,26.81,26.56,25.95,25.73,25.16,28.42,8.26,3.43,4.33,7.74,7.44,7.99,7.04,5.33,5.13,3.12,8.1,5.85
T2M_MAX,2018,23.96,23.58,26.57,26.71,27.24,26.22,25.53,25.81,26.05,26.69,25.69,24.99,27.24,6.1,3.9,4.49,3.37,3.14,4.26,5.1,6.73,8.82,7.55,4.03,6.66
T2M_MAX,2019,25.95,28.68,27.81,29.62,27.74,26.28,26.21,26.22,26.44,25.66,25.17,24.73,29.62,4.37,8.08,7.27,4.77,6.42,7.55,5.05,4.98,7.01,8.7,6.17,3.95
T2M_MAX,2020,24.93,25.54,27.16,28.54,28.0,26.39,25.75,27.24,26.1,25.92,26.19,24.26,28.54,3.06,5.59,7.97,5.54,6.34,3.63,8.88,3.97,8.44,4.38,4.38,5.53
T2M_MAX,2021,24.24,25.43,26.89,26.94,27.07,25.98,25.91,25.09,26.4,26.15,25.94,24.62,27.07,5.34,6.8,6.36,6.16,6.1,5.28,6.82,3.05,6.56,8.08,5.0,3.06
T2M_MAX,2022,24.56,24.92,27.35,27.35,27.06,26.71,25.66,26.22,26.33,25.53,25.67,24.12,27.35,3.86,8.31,3.06,8.82,7.36,3.13,6.48,3.29,4.01,4.79,6.05,8.02
T2M_MAX,2023,23.81,25.5,26.88,29.09,28.39,27.36,26.35,27.28,26.95,26.68,26.1,25.7,29.09,8.3,7.35,4.51,3.02,3.07,8.86,8.38,5.3,3.97,6.79,5.14,4.67
T2M_MAX,2024,25.79,26.77,30.59,29.97,29.0,26.71,26.2,26.39,27.05,26.76,25.46,24.69,30.59,3.05,7.81,3.88,5.18,8.57,3.67,8.3,6.41,4.59,3.77,5.66,5.37
T2M_MIN,1981,14.19,14.68,12.66,16.23,15.97,14.92,15.16,15.54,14.75,13.65,14.72,14.84,12.66,3.88,8.02,5.09,3.9,4.88,4.88,3.85,6.18,5.47,8.39,6.87,7.94
T2M_MIN,1982,14.02,14.09,13.69,14.33,15.17,15.44,14.31,14.83,15.9,13.64,14.12,14.36,13.64,7.96,7.38,4.29,7.66,4.49,7.41,8.16,5.71,4.83,3.15,4.57,5.02
T2M_MIN,1983,15.75,14.86,15.2,15.01,15.63,16.1,15.55,14.75,13.83,13.35,14.96,14.31,13.35,3.7,7.49,7.43,6.73,7.59,7.49,3.99,3.98,3.4,8.3,7.01,8.39
T2M_MIN,1984,13.14,13.49,14.07,13.6,15.48,14.3,14.05,15.13,15.22,14.87,12.75,15.3,12.75,3.59,5.32,7.05,3.86,3.52,4.04,4.41,7.75,4.05,6.79,4.25,6.79
T2M_MIN,1985,14.37,13.8,14.28,14.87,14.49,14.86,14.08,13.08,14.88,14.58,14.97,13.74,13.08,6.55,8.04,4.12,4.86,3.53,6.18,6.07,6.03,4.2,8.16,3.3,7.34
T2M_MIN,1986,14.73,11.92,12.49,16.23,15.96,15.84,14.82,15.09,14.82,14.16,14.42,13.29,11.92,4.84,3.97,6.61,5.99,8.33,5.24,3.61,5.51,3.54,3.95,7.68,8.14
T2M_MIN,1987,14.11,15.17,12.08,14.74,16.69,14.44,15.09,15.35,14.19,15.72,15.63,14.87,12.08,7.53,5.77,4.48,4.94,8.72,6.82,7.05,8.0,4.62,7.52,6.27,8.58
T2M_MIN,1988,12.39,15.32,14.63,15.43,16.06,15.51,14.92,15.46,15.45,14.38,14.72,15.93,12.39,5.17,5.03,8.48,5.45,3.93,8.84,3.3,8.84,7.81,8.09,4.79,6.41
T2M_MIN,1989,15.66,14.76,13.31,15.21,16.76,15.64,14.62,15.52,14.44,14.77,15.3,13.8,13.31,7.46,8.16,7.87,4.0,7.94,6.87,6.1,3.86,4.26,7.91,4.1,8.71
T2M_MIN,1990,15.6,14.64,12.49,13.27,17.13,16.39,15.03,14.74,15.8,15.52,14.9,15.24,12.49,5.2,6.94,8.64,4.97,4.39,7.17,8.92,5.57,7.79,4.67,8.96,4.2
T2M_MIN,1991,13.41,14.35,14.14,14.6,15.83,15.16,14.23,14.69,16.4,15.0,13.81,14.8,13.41,6.02,6.67,6.62,3.16,5.15,4.58,5.53,7.31,3.93,8.25,7.77,8.11
T2M_MIN,1992,14.23,14.02,13.79,15.43,15.18,16.89,14.9,16.22,15.44,14.68,15.47,14.89,13.79,7.14,7.82,4.5,8.56,3.64,8.64,6.36,7.36,6.2,6.37,7.76,6.48
T2M_MIN,1993,14.62,14.69,12.18,15.86,17.4,16.97,16.37,16.55,16.12,15.6,15.52,15.4,12.18,8.77,3.33,5.01,6.56,3.42,7.36,5.93,4.21,4.0,5.68,3.25,7.4
T2M_MIN,1994,14.49,14.72,13.4,15.02,16.15,16.61,16.69,15.83,15.83,15.97,14.88,13.47,13.4,6.22,7.88,3.53,8.63,7.97,4.96,6.02,6.44,7.65,4.26,8.11,8.44
T2M_MIN,1995,14.46,13.79,13.42,16.09,16.52,16.6,14.82,16.95,16.18,16.89,15.93,14.62,13.42,5.08,7.84,5.64,6.74,7.73,7.35,5.57,8.64,4.43,3.81,7.15,7.97
T2M_MIN,1996,14.18,13.42,13.53,15.04,17.32,16.17,15.79,14.9,15.37,16.75,15.0,15.53,13.42,4.54,3.08,6.27,7.91,8.8,3.69,5.28,7.18,6.01,6.42,5.66,4.88
T2M_MIN,1997,12.68,15.13,14.13,14.48,15.83,14.7,17.22,16.45,15.56,16.97,16.48,14.09,12.68,8.39,7.31,5.3,3.42,6.99,3.31,4.92,4.2,5.75,8.72,7.14,3.31
T2M_MIN,1998,14.45,15.61,15.82,16.09,16.67,17.6,16.24,15.31,16.23,18.14,14.8,16.43,14.45,4.69,4.05,4.18,4.37,8.25,7.3,5.07,6.18,6.88,8.95,3.52,5.22
T2M_MIN,1999,13.83,14.38,13.65,13.81,16.3,15.44,15.13,15.18,16.66,16.09,15.38,14.69,13.65,6.17,7.33,5.73,4.02,3.85,3.78,6.8,5.05,3.83,6.97,7.28,6.14
T2M_MIN,2000,14.42,14.62,14.94,14.8,16.69,14.7,16.19,15.24,16.22,15.19,14.26,13.87,13.87,5.01,4.11,8.05,8.88,6.16,3.43,3.54,6.84,6.17,3.56,7.05,4.97
T2M_MIN,2001,13.56,14.77,13.49,15.64,16.32,16.61,14.54,16.6,16.23,16.6,14.35,14.59,13.49,3.71,5.28,4.41,5.88,7.6,8.02,7.71,7.78,8.04,8.08,8.64,8.96
T2M_MIN,2002,13.97,15.03,15.03,14.4,16.32,17.28,16.39,14.9,15.62,15.87,15.44,14.28,13.97,3.59,7.39,7.66,6.04,4.61,7.15,4.26,5.2,8.29,3.82,7.32,6.91
T2M_MIN,2003,14.72,14.67,14.33,14.76,15.88,16.44,15.89,15.99,15.12,16.94,15.76,15.17,14.33,5.32,8.79,3.65,4.87,4.06,6.22,3.0,7.85,3.16,8.5,7.76,3.41
T2M_MIN,2004,14.3,14.25,16.35,15.61,17.47,16.03,15.22,17.04,15.37,15.78,13.22,14.97,13.22,5.31,6.58,6.94,4.98,4.27,7.8,7.49,3.84,6.2,6.07,4.58,8.35
T2M_MIN,2005,14.42,13.7,14.77,14.39,16.94,17.39,16.8,16.56,16.37,17.65,14.45,12.42,12.42,6.82,7.48,6.97,4.69,7.97,6.99,4.52,6.45,7.12,8.96,8.87,6.84
T2M_MIN,2006,13.8,14.61,14.48,14.59,15.14,16.38,15.29,16.53,15.85,15.73,14.09,15.84,13.8,5.12,3.63,5.97,5.45,6.35,5.12,7.15,3.68,8.13,5.28,8.63,3.48
T2M_MIN,2007,16.38,14.22,15.36,14.69,17.21,16.56,15.52,16.23,16.02,15.6,15.82,12.76,12.76,5.19,7.66,3.99,4.91,7.16,8.93,7.28,6.93,7.65,7.48,4.35,4.1
T2M_MIN,2008,12.38,13.61,14.49,14.34,15.44,17.16,15.88,16.77,14.85,16.9,14.99,14.88,12.38,6.9,6.51,6.56,3.04,6.41,6.71,6.51,8.03,6.39,6.26,7.73,6.2
T2M_MIN,2009,15.55,14.31,13.92,15.26,16.78,16.94,16.89,15.96,16.35,15.79,15.52,16.12,13.92,8.45,8.88,8.17,4.68,8.87,5.47,5.02,7.46,3.35,5.62,8.89,7.38
T2M_MIN,2010,15.08,15.19,14.71,14.84,17.57,15.91,15.88,17.07,16.93,16.13,14.27,13.49,13.49,7.29,8.57,4.07,8.4,4.67,4.43,4.44,4.9,7.97,5.57,7.1,8.3
T2M_MIN,2011,14.43,15.17,13.7,14.01,15.82,17.29,14.98,16.32,16.0,15.48,15.3,15.88,13.7,7.71,3.59,8.38,7.86,3.76,8.84,4.28,8.96,5.1,7.48,4.94,5.18
T2M_MIN,2012,14.89,13.92,13.67,14.21,16.58,16.02,15.07,14.59,15.31,15.61,16.05,14.78,13.67,8.84,7.81,7.37,5.33,3.28,8.66,6.76,8.75,5.11,3.64,4.92,8.04
T2M_MIN,2013,14.57,14.85,14.9,15.47,12.33,16.19,15.37,15.15,16.45,15.35,14.06,13.58,12.33,3.27,6.12,7.5,4.14,8.3,7.49,3.97,3.94,6.14,3.73,8.16,8.24
T2M_MIN,2014,14.38,14.15,14.74,15.57,15.67,15.62,17.23,15.34,15.44,16.01,15.46,13.97,13.97,4.57,4.81,8.4,8.17,4.53,8.91,6.11,7.91,4.39,5.39,7.39,5.45
T2M_MIN,2015,15.68,15.11,14.65,15.02,14.52,17.81,16.75,16.18,15.8,16.92,16.28,16.26,14.52,4.07,4.65,6.57,8.84,3.74,5.73,3.97,7.82,5.37,8.31,4.6,6.58
T2M_MIN,2016,15.01,15.34,15.79,15.6,16.06,16.08,16.15,16.73,15.9,15.86,15.53,15.44,15.01,6.6,5.59,4.48,4.91,7.13,5.98,3.66,8.5,5.93,3.43,5.02,7.51
T2M_MIN,2017,14.69,14.86,14.64,15.5,17.31,16.89,16.6,15.61,15.57,16.26,15.64,14.9,14.64,6.93,4.81,3.97,5.85,5.01,6.33,8.05,4.62,5.43,3.16,7.39,5.04
T2M_MIN,2018,15.68,14.58,13.65,14.37,15.34,14.39,16.22,16.04,16.66,16.08,15.37,15.61,13.65,6.13,8.67,6.28,5.24,8.19,5.33,3.19,3.68,5.15,5.4,8.73,4.3
T2M_MIN,2019,15.13,14.89,15.39,16.25,17.6,16.99,16.24,16.71,14.89,16.04,14.19,15.99,14.19,5.45,4.45,6.2,3.89,4.48,8.42,6.72,8.07,4.15,6.67,3.06,4.62
T2M_MIN,2020,16.08,13.96,15.73,15.52,17.21,15.56,14.07,14.97,14.82,16.48,16.56,13.57,13.57,8.39,4.57,7.19,5.96,3.17,8.82,3.38,6.91,7.44,3.46,7.83,6.14
T2M_MIN,2021,13.59,15.41,13.38,15.34,15.95,15.07,16.23,15.62,16.71,16.38,14.78,16.47,13.38,4.44,6.24,6.27,8.71,3.19,7.89,7.7,6.65,8.03,6.74,4.9,8.72
T2M_MIN,2022,15.2,12.54,14.26,15.8,16.22,15.3,16.29,15.27,16.89,16.11,15.34,15.47,12.54,6.18,8.49,3.03,4.3,3.34,6.32,5.57,7.24,5.56,5.38,3.28,4.46
T2M_MIN,2023,14.71,13.53,15.29,14.76,16.99,15.81,16.89,17.24,15.9,17.48,16.67,16.68,13.53,7.07,4.25,7.9,6.1,3.12,3.75,3.33,4.38,4.37,4.81,5.35,8.8
T2M_MIN,2024,15.93,13.93,14.21,14.95,16.76,17.71,16.85,17.28,17.87,17.47,16.24,16.22,13.93,6.7,6.27,4.11,8.03,6.69,6.31,8.54,7.67,5.95,5.95,4.41,5.11
